id,answer
0,176
1,187
2,150
3,172
4,153
5,176
6,161
7,157
8,159
9,188
10,179
11,182
12,177
13,156
14,156
15,155
16,173
17,169
18,176
19,159
20,170
21,163
22,175
23,165
24,171
25,177
26,159
27,157
28,159
29,177
30,157
31,165
32,188
33,173
34,156
35,151
36,157
37,154
38,173
39,183
40,188
41,186
42,164
43,178
44,173
45,181
46,163
47,156
48,177
49,183
50,188
51,181
52,160
53,184
54,170
55,188
56,181
57,159
58,175
59,165
60,180
61,165
62,176
63,187
64,175
65,166
66,186
67,172
68,173
69,163
70,171
71,159
72,151
73,152
74,158
75,150
76,175
77,152
78,187
79,188
80,187
81,164
82,175
83,174
84,158
85,167
86,183
87,154
88,152
89,165
90,163
91,165
92,154
93,181
94,170
95,173
96,168
97,166
98,163
99,172
100,181
101,162
102,158
103,163
104,153
105,183
106,169
107,159
108,184
109,154
110,161
111,180
112,161
113,151
114,159
115,172
116,159
117,176
118,170
119,176
120,184
121,169
122,170
123,184
124,174
125,152
126,163
127,182
128,164
129,167
130,183
131,156
132,159
133,151
134,185
135,178
136,162
137,182
138,186
139,152
140,170
141,181
142,159
143,158
144,156
145,152
146,163
147,154
148,164
149,150
150,153
151,174
152,160
153,166
154,171
155,162
156,178
157,188
158,165
159,154
160,180
161,154
162,180
163,180
164,170
165,181
166,179
167,173
168,150
169,162
170,179
171,181
172,181
173,178
174,173
175,188
176,174
177,164
178,173
179,177
180,161
181,164
182,176
183,181
184,168
185,169
186,169
187,188
188,164
189,186
190,161
191,177
192,151
193,176
194,177
195,159
196,181
197,161
198,155
199,170
200,164
201,151
202,177
203,157
204,151
205,180
206,150
207,168
208,161
209,188
210,157
211,171
212,156
213,169
214,183
215,183
216,172
217,187
218,169
219,160
220,167
221,165
222,167
223,156
224,153
225,153
226,184
227,154
228,181
229,152
230,158
231,173
232,180
233,168
234,165
235,165
236,169
237,162
238,185
239,171
240,157
241,158
242,152
243,172
244,183
245,188
246,175
247,174
248,188
249,176
250,160
251,180
252,185
253,164
254,159
255,165
256,163
257,154
258,180
259,153
260,178
261,167
262,158
263,170
264,157
265,165
266,181
267,164
268,186
269,180
270,157
271,159
272,177
273,167
274,179
275,154
276,157
277,167
278,162
279,171
280,155
281,169
282,170
283,183
284,171
285,155
286,163
287,173
288,177
289,169
290,178
291,188
292,160
293,182
294,180
295,164
296,181
297,186
298,170
299,165
300,182
301,151
302,161
303,171
304,186
305,170
306,160
307,183
308,179
309,155
310,174
311,188
312,184
313,178
314,181
315,173
316,165
317,183
318,161
319,178
320,184
321,164
322,184
323,184
324,184
325,171
326,157
327,158
328,168
329,188
330,163
331,184
332,184
333,187
334,165
335,163
336,184
337,156
338,155
339,173
340,161
341,185
342,181
343,180
344,162
345,151
346,176
347,188
348,161
349,173
350,157
351,167
352,173
353,183
354,171
355,156
356,175
357,157
358,178
359,158
360,182
361,165
362,165
363,185
364,163
365,157
366,186
367,174
368,173
369,173
370,165
371,151
372,166
373,167
374,159
375,164
376,185
377,165
378,169
379,179
380,150
381,188
382,181
383,172
384,161
385,157
386,158
387,179
388,167
389,159
390,173
391,157
392,188
393,175
394,161
395,153
396,186
397,159
398,164
399,168
400,171
401,168
402,180
403,178
404,161
405,186
406,158
407,158
408,152
409,170
410,184
411,181
412,162
413,188
414,159
415,151
416,182
417,179
418,168
419,164
420,175
421,167
422,167
423,151
424,168
425,188
426,180
427,161
428,159
429,164
430,184
431,164
432,172
433,157
434,157
435,161
436,167
437,155
438,159
439,179
440,169
441,165
442,158
443,159
444,159
445,175
446,179
447,162
448,151
449,164
450,170
451,177
452,165
453,172
454,160
455,182
456,160
457,165
458,155
459,175
460,179
461,171
462,178
463,152
464,161
465,154
466,168
467,152
468,153
469,160
470,172
471,159
472,182
473,151
474,187
475,174
476,163
477,165
478,156
479,170
480,179
481,184
482,166
483,152
484,186
485,159
486,151
487,165
488,169
489,152
490,179
491,154
492,157
493,171
494,159
495,168
496,178
497,179
498,168
499,187
500,186
501,167
502,172
503,184
504,172
505,178
506,153
507,173
508,182
509,165
510,167
511,179
512,175
513,171
514,175
515,150
516,158
517,151
518,181
519,150
520,177
521,185
522,155
523,151
524,154
525,183
526,180
527,165
528,157
529,179
530,167
531,180
532,155
533,154
534,163
535,185
536,153
537,173
538,184
539,179
540,168
541,186
542,173
543,164
544,159
545,153
546,163
547,160
548,177
549,160
550,157
551,153
552,183
553,167
554,150
555,164
556,179
557,173
558,168
559,169
560,153
561,182
562,167
563,170
564,172
565,185
566,188
567,181
568,188
569,175
570,182
571,152
572,153
573,175
574,174
575,154
576,165
577,173
578,169
579,171
580,183
581,179
582,161
583,163
584,151
585,179
586,152
587,154
588,167
589,181
590,182
591,178
592,154
593,186
594,151
595,173
596,165
597,185
598,156
599,165
600,164
601,185
602,186
603,164
604,185
605,180
606,183
607,165
608,152
609,184
610,180
611,152
612,153
613,174
614,165
615,155
616,166
617,157
618,156
619,164
620,180
621,159
622,174
623,188
624,185
625,154
626,172
627,158
628,176
629,166
630,154
631,150
632,170
633,180
634,159
635,173
636,156
637,169
638,158
639,157
640,156
641,165
642,158
643,186
644,172
645,184
646,167
647,164
648,151
649,158
650,187
651,180
652,169
653,184
654,186
655,179
656,166
657,151
658,181
659,176
660,168
661,183
662,171
663,173
664,153
665,187
666,181
667,186
668,158
669,153
670,152
671,159
672,167
673,167
674,158
675,160
676,169
677,170
678,183
679,153
680,185
681,162
682,181
683,169
684,157
685,159
686,180
687,183
688,181
689,188
690,164
691,188
692,159
693,165
694,175
695,154
696,152
697,163
698,179
699,159
700,169
701,188
702,184
703,162
704,164
705,178
706,161
707,161
708,166
709,166
710,154
711,181
712,173
713,162
714,167
715,161
716,163
717,188
718,167
719,181
720,164
721,167
722,157
723,185
724,161
725,179
726,159
727,155
728,159
729,183
730,158
731,152
732,161
733,161
734,150
735,172
736,182
737,173
738,175
739,177
740,160
741,154
742,171
743,157
744,186
745,154
746,159
747,186
748,168
749,173
750,184
751,183
752,164
753,180
754,165
755,187
756,174
757,174
758,188
759,175
760,184
761,157
762,180
763,164
764,183
765,157
766,159
767,150
768,169
769,158
770,187
771,173
772,166
773,175
774,162
775,157
776,163
777,158
778,163
779,185
780,163
781,169
782,155
783,184
784,173
785,157
786,182
787,151
788,159
789,161
790,158
791,152
792,185
793,183
794,185
795,184
796,188
797,182
798,177
799,182
800,160
801,167
802,161
803,171
804,161
805,174
806,175
807,152
808,160
809,170
810,173
811,182
812,151
813,150
814,170
815,179
816,171
817,183
818,184
819,166
820,153
821,163
822,172
823,176
824,153
825,183
826,150
827,165
828,162
829,174
830,153
831,171
832,183
833,169
834,177
835,183
836,183
837,162
838,156
839,156
840,154
841,161
842,170
843,166
844,185
845,176
846,172
847,170
848,188
849,173
850,174
851,162
852,186
853,167
854,173
855,179
856,183
857,158
858,165
859,150
860,178
861,163
862,159
863,181
864,164
865,154
866,153
867,171
868,157
869,183
870,176
871,166
872,173
873,181
874,174
875,183
876,157
877,187
878,159
879,150
880,170
881,158
882,151
883,172
884,165
885,154
886,161
887,157
888,168
889,175
890,170
891,186
892,157
893,171
894,168
895,171
896,159
897,174
898,172
899,162
900,175
901,154
902,182
903,169
904,187
905,151
906,171
907,167
908,167
909,165
910,166
911,163
912,151
913,171
914,155
915,152
916,171
917,166
918,178
919,174
920,153
921,179
922,181
923,183
924,184
925,172
926,179
927,183
928,176
929,152
930,162
931,171
932,175
933,168
934,172
935,162
936,154
937,157
938,184
939,183
940,179
941,173
942,160
943,153
944,171
945,172
946,153
947,176
948,178
949,181
950,155
951,188
952,188
953,170
954,169
955,165
956,188
957,159
958,173
959,159
960,150
961,156
962,170
963,178
964,153
965,174
966,151
967,167
968,183
969,171
970,150
971,168
972,168
973,168
974,157
975,151
976,171
977,171
978,157
979,174
980,171
981,170
982,165
983,151
984,165
985,180
986,183
987,168
988,164
989,173
990,171
991,174
992,162
993,186
994,154
995,184
996,180
997,172
998,156
999,177
1000,152
1001,176
1002,166
1003,188
1004,169
1005,172
1006,158
1007,176
1008,167
1009,161
1010,166
1011,165
1012,181
1013,178
1014,182
1015,153
1016,178
1017,160
1018,155
1019,159
1020,154
1021,167
1022,158
1023,156
1024,185
1025,157
1026,184
1027,185
1028,169
1029,179
1030,158
1031,176
1032,154
1033,150
1034,178
1035,185
1036,177
1037,153
1038,165
1039,156
1040,159
1041,183
1042,156
1043,187
1044,175
1045,152
1046,156
1047,180
1048,188
1049,173
1050,159
1051,166
1052,151
1053,161
1054,184
1055,165
1056,176
1057,151
1058,162
1059,160
1060,186
1061,166
1062,157
1063,186
1064,174
1065,183
1066,185
1067,163
1068,166
1069,180
1070,175
1071,180
1072,175
1073,168
1074,186
1075,181
1076,184
1077,164
1078,154
1079,182
1080,170
1081,164
1082,165
1083,151
1084,170
1085,184
1086,159
1087,165
1088,173
1089,188
1090,178
1091,183
1092,175
1093,163
1094,168
1095,150
1096,181
1097,186
1098,162
1099,161
1100,187
1101,172
1102,179
1103,169
1104,178
1105,166
1106,188
1107,155
1108,186
1109,179
1110,177
1111,186
1112,167
1113,171
1114,151
1115,161
1116,179
1117,152
1118,184
1119,163
1120,170
1121,182
1122,158
1123,180
1124,159
1125,163
1126,179
1127,167
1128,151
1129,188
1130,172
1131,161
1132,180
1133,176
1134,159
1135,154
1136,176
1137,160
1138,163
1139,155
1140,184
1141,164
1142,184
1143,173
1144,167
1145,163
1146,187
1147,154
1148,186
1149,163
1150,169
1151,166
1152,184
1153,174
1154,159
1155,183
1156,160
1157,170
1158,151
1159,153
1160,154
1161,153
1162,162
1163,155
1164,154
1165,174
1166,155
1167,166
1168,154
1169,183
1170,180
1171,182
1172,154
1173,155
1174,184
1175,161
1176,184
1177,169
1178,155
1179,174
1180,155
1181,175
1182,161
1183,167
1184,163
1185,157
1186,183
1187,162
1188,157
1189,178
1190,160
1191,173
1192,163
1193,154
1194,153
1195,164
1196,164
1197,181
1198,171
1199,186
1200,186
1201,159
1202,172
1203,174
1204,155
1205,180
1206,154
1207,182
1208,159
1209,172
1210,166
1211,181
1212,177
1213,163
1214,175
1215,186
1216,174
1217,167
1218,153
1219,170
1220,186
1221,174
1222,181
1223,156
1224,169
1225,181
1226,176
1227,172
1228,163
1229,177
1230,186
1231,150
1232,177
1233,185
1234,167
1235,183
1236,182
1237,165
1238,150
1239,178
1240,150
1241,180
1242,183
1243,179
1244,168
1245,174
1246,173
1247,166
1248,161
1249,177
1250,151
1251,165
1252,178
1253,159
1254,181
1255,168
1256,159
1257,159
1258,162
1259,172
1260,183
1261,184
1262,150
1263,162
1264,167
1265,165
1266,159
1267,175
1268,164
1269,155
1270,165
1271,165
1272,182
1273,168
1274,169
1275,180
1276,173
1277,168
1278,182
1279,164
1280,162
1281,182
1282,154
1283,171
1284,161
1285,188
1286,165
1287,166
1288,171
1289,157
1290,155
1291,184
1292,150
1293,171
1294,171
1295,174
1296,188
1297,178
1298,169
1299,168
1300,159
1301,152
1302,170
1303,159
1304,176
1305,183
1306,159
1307,160
1308,179
1309,174
1310,164
1311,176
1312,150
1313,172
1314,176
1315,173
1316,158
1317,178
1318,170
1319,160
1320,171
1321,179
1322,173
1323,180
1324,184
1325,153
1326,155
1327,176
1328,185
1329,172
1330,155
1331,161
1332,155
1333,177
1334,156
1335,158
1336,184
1337,185
1338,160
1339,173
1340,154
1341,163
1342,168
1343,160
1344,161
1345,164
1346,160
1347,183
1348,174
1349,186
1350,173
1351,154
1352,177
1353,153
1354,161
1355,150
1356,161
1357,164
1358,179
1359,168
1360,177
1361,171
1362,181
1363,154
1364,179
1365,158
1366,151
1367,163
1368,172
1369,171
1370,168
1371,163
1372,188
1373,165
1374,183
1375,157
1376,166
1377,161
1378,155
1379,186
1380,178
1381,163
1382,153
1383,155
1384,181
1385,171
1386,182
1387,154
1388,188
1389,176
1390,177
1391,169
1392,155
1393,167
1394,153
1395,180
1396,158
1397,182
1398,150
1399,160
1400,172
1401,188
1402,188
1403,159
1404,155
1405,178
1406,166
1407,188
1408,177
1409,181
1410,163
1411,172
1412,166
1413,166
1414,161
1415,166
1416,188
1417,174
1418,166
1419,180
1420,176
1421,167
1422,171
1423,151
1424,179
1425,182
1426,169
1427,188
1428,161
1429,159
1430,154
1431,180
1432,159
1433,171
1434,165
1435,167
1436,182
1437,159
1438,156
1439,184
1440,159
1441,157
1442,176
1443,163
1444,159
1445,164
1446,188
1447,158
1448,183
1449,161
1450,166
1451,158
1452,152
1453,152
1454,165
1455,162
1456,160
1457,152
1458,154
1459,188
1460,188
1461,162
1462,173
1463,162
1464,153
1465,172
1466,153
1467,172
1468,179
1469,173
1470,169
1471,156
1472,180
1473,179
1474,159
1475,165
1476,180
1477,171
1478,166
1479,173
1480,165
1481,159
1482,179
1483,162
1484,154
1485,167
1486,155
1487,171
1488,179
1489,177
1490,177
1491,184
1492,188
1493,171
1494,187
1495,186
1496,152
1497,162
1498,159
1499,188
1500,181
1501,163
1502,187
1503,153
1504,173
1505,167
1506,168
1507,186
1508,152
1509,169
1510,164
1511,173
1512,169
1513,186
1514,150
1515,182
1516,173
1517,157
1518,157
1519,162
1520,177
1521,153
1522,168
1523,188
1524,176
1525,183
1526,175
1527,185
1528,153
1529,175
1530,165
1531,171
1532,176
1533,158
1534,188
1535,181
1536,188
1537,166
1538,173
1539,162
1540,159
1541,152
1542,153
1543,156
1544,184
1545,157
1546,167
1547,153
1548,181
1549,151
1550,184
1551,177
1552,168
1553,157
1554,184
1555,159
1556,172
1557,162
1558,179
1559,177
1560,168
1561,161
1562,164
1563,178
1564,185
1565,151
1566,186
1567,159
1568,151
1569,186
1570,163
1571,169
1572,182
1573,184
1574,185
1575,183
1576,156
1577,186
1578,185
1579,188
1580,165
1581,160
1582,184
1583,159
1584,170
1585,151
1586,159
1587,185
1588,166
1589,182
1590,160
1591,164
1592,166
1593,177
1594,167
1595,159
1596,170
1597,165
1598,176
1599,166
1600,166
1601,150
1602,150
1603,165
1604,173
1605,154
1606,157
1607,173
1608,151
1609,184
1610,175
1611,171
1612,173
1613,175
1614,155
1615,187
1616,155
1617,169
1618,173
1619,180
1620,165
1621,183
1622,188
1623,180
1624,158
1625,156
1626,154
1627,175
1628,152
1629,151
1630,182
1631,181
1632,155
1633,160
1634,169
1635,163
1636,163
1637,167
1638,166
1639,187
1640,152
1641,186
1642,150
1643,151
1644,163
1645,184
1646,150
1647,150
1648,177
1649,187
1650,165
1651,154
1652,151
1653,163
1654,163
1655,165
1656,184
1657,179
1658,183
1659,152
1660,180
1661,165
1662,185
1663,186
1664,183
1665,182
1666,165
1667,164
1668,157
1669,162
1670,179
1671,160
1672,154
1673,151
1674,169
1675,173
1676,177
1677,171
1678,160
1679,170
1680,186
1681,179
1682,187
1683,154
1684,180
1685,188
1686,162
1687,170
1688,159
1689,152
1690,171
1691,170
1692,151
1693,159
1694,164
1695,153
1696,166
1697,161
1698,155
1699,165
1700,178
1701,188
1702,158
1703,170
1704,160
1705,175
1706,165
1707,187
1708,175
1709,181
1710,185
1711,182
1712,160
1713,164
1714,167
1715,152
1716,173
1717,184
1718,180
1719,183
1720,165
1721,160
1722,151
1723,183
1724,177
1725,177
1726,167
1727,163
1728,178
1729,159
1730,173
1731,184
1732,179
1733,185
1734,168
1735,150
1736,172
1737,164
1738,159
1739,165
1740,150
1741,161
1742,178
1743,188
1744,170
1745,157
1746,159
1747,181
1748,174
1749,176
1750,156
1751,166
1752,162
1753,170
1754,180
1755,150
1756,186
1757,171
1758,185
1759,179
1760,181
1761,153
1762,168
1763,185
1764,156
1765,163
1766,161
1767,179
1768,173
1769,167
1770,188
1771,153
1772,173
1773,170
1774,177
1775,184
1776,183
1777,185
1778,183
1779,155
1780,182
1781,185
1782,172
1783,165
1784,168
1785,178
1786,156
1787,181
1788,163
1789,178
1790,167
1791,172
1792,187
1793,165
1794,173
1795,156
1796,178
1797,164
1798,180
1799,166
1800,165
1801,164
1802,188
1803,186
1804,172
1805,162
1806,164
1807,167
1808,172
1809,163
1810,183
1811,173
1812,186
1813,187
1814,152
1815,181
1816,183
1817,163
1818,150
1819,188
1820,173
1821,157
1822,155
1823,168
1824,170
1825,171
1826,173
1827,154
1828,180
1829,170
1830,157
1831,163
1832,180
1833,156
1834,168
1835,183
1836,154
1837,152
1838,188
1839,188
1840,173
1841,154
1842,166
1843,159
1844,178
1845,171
1846,181
1847,150
1848,155
1849,150
1850,157
1851,157
1852,154
1853,184
1854,159
1855,175
1856,166
1857,172
1858,187
1859,183
1860,185
1861,153
1862,178
1863,154
1864,176
1865,186
1866,188
1867,187
1868,156
1869,153
1870,166
1871,168
1872,167
1873,180
1874,173
1875,181
1876,165
1877,173
1878,154
1879,162
1880,174
1881,162
1882,180
1883,186
1884,177
1885,186
1886,167
1887,186
1888,166
1889,187
1890,157
1891,172
1892,153
1893,181
1894,154
1895,179
1896,159
1897,175
1898,174
1899,186
1900,159
1901,186
1902,155
1903,176
1904,184
1905,165
1906,163
1907,154
1908,153
1909,181
1910,179
1911,184
1912,188
1913,157
1914,171
1915,172
1916,166
1917,177
1918,154
1919,164
1920,185
1921,186
1922,184
1923,181
1924,178
1925,175
1926,182
1927,178
1928,176
1929,152
1930,165
1931,164
1932,156
1933,166
1934,165
1935,167
1936,153
1937,180
1938,150
1939,186
1940,156
1941,157
1942,177
1943,172
1944,166
1945,159
1946,185
1947,157
1948,157
1949,165
1950,165
1951,175
1952,186
1953,179
1954,188
1955,171
1956,170
1957,150
1958,183
1959,180
1960,175
1961,173
1962,166
1963,183
1964,165
1965,172
1966,161
1967,169
1968,181
1969,166
1970,157
1971,172
1972,167
1973,151
1974,187
1975,159
1976,173
1977,158
1978,179
1979,152
1980,183
1981,176
1982,157
1983,183
1984,167
1985,164
1986,158
1987,165
1988,185
1989,162
1990,166
1991,181
1992,165
1993,183
1994,168
1995,157
1996,181
1997,172
1998,164
1999,168
2000,150
2001,162
2002,185
2003,185
2004,165
2005,155
2006,171
2007,164
2008,178
2009,179
2010,175
2011,174
2012,152
2013,188
2014,188
2015,186
2016,163
2017,162
2018,184
2019,157
2020,180
2021,157
2022,167
2023,158
2024,153
2025,168
2026,153
2027,187
2028,177
2029,150
2030,177
2031,171
2032,183
2033,161
2034,173
2035,179
2036,178
2037,187
2038,159
2039,181
2040,154
2041,177
2042,171
2043,181
2044,150
2045,186
2046,163
2047,175
2048,160
2049,159
2050,168
2051,168
2052,163
2053,176
2054,155
2055,188
2056,177
2057,182
2058,170
2059,186
2060,175
2061,174
2062,151
2063,164
2064,171
2065,153
2066,162
2067,151
2068,154
2069,184
2070,156
2071,172
2072,182
2073,161
2074,186
2075,171
2076,157
2077,180
2078,181
2079,168
2080,172
2081,150
2082,150
2083,160
2084,164
2085,171
2086,154
2087,183
2088,168
2089,178
2090,163
2091,188
2092,182
2093,155
2094,151
2095,151
2096,166
2097,176
2098,179
2099,180
2100,165
2101,181
2102,171
2103,160
2104,184
2105,186
2106,185
2107,182
2108,150
2109,174
2110,175
2111,166
2112,166
2113,155
2114,173
2115,183
2116,178
2117,161
2118,180
2119,170
2120,177
2121,175
2122,152
2123,161
2124,171
2125,186
2126,156
2127,171
2128,161
2129,171
2130,182
2131,165
2132,162
2133,176
2134,156
2135,174
2136,165
2137,188
2138,164
2139,187
2140,186
2141,166
2142,186
2143,155
2144,179
2145,188
2146,165
2147,179
2148,166
2149,153
2150,155
2151,181
2152,163
2153,157
2154,151
2155,167
2156,184
2157,180
2158,167
2159,161
2160,182
2161,164
2162,171
2163,168
2164,183
2165,157
2166,164
2167,177
2168,170
2169,187
2170,173
2171,150
2172,151
2173,167
2174,179
2175,186
2176,183
2177,161
2178,176
2179,178
2180,183
2181,164
2182,179
2183,158
2184,165
2185,152
2186,171
2187,150
2188,175
2189,151
2190,184
2191,164
2192,181
2193,159
2194,165
2195,160
2196,178
2197,157
2198,174
2199,181
2200,168
2201,162
2202,158
2203,161
2204,152
2205,187
2206,150
2207,174
2208,172
2209,173
2210,182
2211,152
2212,182
2213,185
2214,181
2215,162
2216,180
2217,155
2218,181
2219,159
2220,155
2221,162
2222,177
2223,163
2224,152
2225,168
2226,166
2227,152
2228,176
2229,159
2230,151
2231,187
2232,156
2233,180
2234,170
2235,179
2236,160
2237,159
2238,152
2239,185
2240,187
2241,174
2242,163
2243,161
2244,168
2245,166
2246,181
2247,156
2248,150
2249,182
2250,163
2251,186
2252,165
2253,158
2254,177
2255,160
2256,169
2257,151
2258,150
2259,174
2260,180
2261,152
2262,171
2263,162
2264,157
2265,168
2266,150
2267,168
2268,157
2269,179
2270,168
2271,159
2272,158
2273,174
2274,151
2275,166
2276,166
2277,169
2278,175
2279,152
2280,153
2281,183
2282,186
2283,176
2284,179
2285,180
2286,156
2287,176
2288,153
2289,168
2290,159
2291,152
2292,183
2293,172
2294,171
2295,169
2296,186
2297,175
2298,171
2299,177
2300,159
2301,185
2302,173
2303,153
2304,160
2305,157
2306,155
2307,166
2308,186
2309,177
2310,182
2311,153
2312,173
2313,163
2314,160
2315,159
2316,152
2317,167
2318,174
2319,151
2320,159
2321,156
2322,182
2323,164
2324,184
2325,167
2326,183
2327,169
2328,159
2329,178
2330,158
2331,177
2332,159
2333,169
2334,163
2335,184
2336,185
2337,151
2338,188
2339,180
2340,186
2341,152
2342,173
2343,156
2344,187
2345,188
2346,161
2347,169
2348,186
2349,188
2350,172
2351,179
2352,155
2353,153
2354,170
2355,157
2356,186
2357,158
2358,172
2359,156
2360,161
2361,178
2362,157
2363,175
2364,168
2365,178
2366,166
2367,162
2368,178
2369,188
2370,186
2371,161
2372,170
2373,167
2374,157
2375,175
2376,178
2377,160
2378,172
2379,171
2380,168
2381,179
2382,187
2383,152
2384,186
2385,173
2386,151
2387,166
2388,180
2389,172
2390,184
2391,185
2392,159
2393,165
2394,186
2395,184
2396,186
2397,188
2398,173
2399,165
2400,177
2401,169
2402,166
2403,176
2404,173
2405,167
2406,181
2407,172
2408,179
2409,167
2410,185
2411,165
2412,163
2413,176
2414,175
2415,188
2416,169
2417,158
2418,174
2419,168
2420,183
2421,151
2422,155
2423,175
2424,160
2425,165
2426,167
2427,163
2428,157
2429,186
2430,184
2431,170
2432,184
2433,183
2434,161
2435,169
2436,152
2437,151
2438,184
2439,173
2440,152
2441,182
2442,177
2443,161
2444,161
2445,173
2446,171
2447,160
2448,183
2449,184
2450,184
2451,160
2452,186
2453,174
2454,174
2455,157
2456,182
2457,186
2458,180
2459,170
2460,182
2461,153
2462,178
2463,151
2464,175
2465,188
2466,175
2467,180
2468,160
2469,158
2470,150
2471,161
2472,170
2473,182
2474,165
2475,154
2476,155
2477,184
2478,178
2479,174
2480,188
2481,184
2482,159
2483,174
2484,176
2485,178
2486,160
2487,165
2488,163
2489,186
2490,159
2491,159
2492,177
2493,180
2494,164
2495,188
2496,165
2497,161
2498,178
2499,161
2500,187
2501,153
2502,159
2503,175
2504,158
2505,166
2506,160
2507,158
2508,157
2509,166
2510,171
2511,179
2512,161
2513,159
2514,167
2515,178
2516,166
2517,166
2518,186
2519,157
2520,154
2521,175
2522,182
2523,187
2524,185
2525,167
2526,160
2527,179
2528,183
2529,182
2530,160
2531,155
2532,179
2533,166
2534,180
2535,164
2536,181
2537,165
2538,165
2539,153
2540,165
2541,168
2542,179
2543,179
2544,170
2545,160
2546,183
2547,157
2548,183
2549,150
2550,168
2551,179
2552,188
2553,178
2554,163
2555,182
2556,187
2557,156
2558,175
2559,174
2560,163
2561,156
2562,178
2563,167
2564,183
2565,158
2566,153
2567,187
2568,154
2569,171
2570,188
2571,165
2572,163
2573,168
2574,171
2575,188
2576,164
2577,182
2578,185
2579,162
2580,170
2581,154
2582,163
2583,150
2584,181
2585,159
2586,178
2587,170
2588,188
2589,176
2590,168
2591,160
2592,183
2593,178
2594,176
2595,180
2596,152
2597,184
2598,164
2599,174
2600,171
2601,153
2602,169
2603,182
2604,177
2605,151
2606,171
2607,179
2608,164
2609,176
2610,152
2611,169
2612,176
2613,179
2614,184
2615,166
2616,151
2617,176
2618,166
2619,179
2620,165
2621,175
2622,160
2623,162
2624,174
2625,169
2626,151
2627,174
2628,178
2629,165
2630,172
2631,165
2632,179
2633,186
2634,159
2635,162
2636,159
2637,153
2638,161
2639,150
2640,169
2641,185
2642,179
2643,158
2644,183
2645,184
2646,152
2647,170
2648,173
2649,168
2650,171
2651,188
2652,188
2653,176
2654,163
2655,183
2656,179
2657,181
2658,177
2659,154
2660,163
2661,185
2662,177
2663,176
2664,166
2665,154
2666,158
2667,165
2668,171
2669,180
2670,164
2671,181
2672,181
2673,157
2674,157
2675,164
2676,188
2677,169
2678,159
2679,166
2680,171
2681,164
2682,157
2683,180
2684,171
2685,179
2686,161
2687,181
2688,178
2689,186
2690,184
2691,164
2692,165
2693,174
2694,150
2695,167
2696,182
2697,162
2698,150
2699,153
2700,184
2701,153
2702,157
2703,155
2704,160
2705,185
2706,174
2707,152
2708,181
2709,183
2710,165
2711,172
2712,178
2713,186
2714,178
2715,151
2716,152
2717,153
2718,179
2719,153
2720,159
2721,178
2722,157
2723,159
2724,172
2725,151
2726,187
2727,157
2728,153
2729,155
2730,159
2731,153
2732,182
2733,182
2734,161
2735,162
2736,159
2737,175
2738,183
2739,163
2740,153
2741,181
2742,181
2743,168
2744,180
2745,175
2746,175
2747,169
2748,188
2749,184
2750,157
2751,180
2752,186
2753,170
2754,167
2755,167
2756,167
2757,164
2758,184
2759,151
2760,154
2761,179
2762,165
2763,175
2764,174
2765,164
2766,185
2767,182
2768,170
2769,164
2770,159
2771,178
2772,185
2773,160
2774,159
2775,171
2776,155
2777,176
2778,188
2779,166
2780,156
2781,165
2782,182
2783,183
2784,150
2785,158
2786,174
2787,168
2788,154
2789,186
2790,187
2791,153
2792,177
2793,181
2794,165
2795,179
2796,157
2797,171
2798,150
2799,165
2800,183
2801,151
2802,158
2803,185
2804,182
2805,163
2806,163
2807,175
2808,188
2809,155
2810,186
2811,153
2812,171
2813,185
2814,183
2815,173
2816,183
2817,167
2818,167
2819,163
2820,163
2821,171
2822,157
2823,166
2824,180
2825,179
2826,165
2827,160
2828,164
2829,162
2830,151
2831,156
2832,175
2833,179
2834,169
2835,188
2836,173
2837,180
2838,173
2839,165
2840,161
2841,165
2842,168
2843,150
2844,176
2845,188
2846,181
2847,173
2848,167
2849,158
2850,181
2851,159
2852,183
2853,183
2854,182
2855,168
2856,155
2857,160
2858,168
2859,155
2860,172
2861,188
2862,150
2863,185
2864,182
2865,181
2866,182
2867,187
2868,171
2869,182
2870,161
2871,169
2872,173
2873,183
2874,163
2875,157
2876,173
2877,175
2878,155
2879,186
2880,178
2881,181
2882,157
2883,173
2884,172
2885,186
2886,156
2887,179
2888,159
2889,183
2890,160
2891,165
2892,186
2893,180
2894,165
2895,154
2896,180
2897,152
2898,156
2899,161
2900,174
2901,150
2902,156
2903,175
2904,186
2905,162
2906,185
2907,188
2908,184
2909,158
2910,167
2911,168
2912,165
2913,151
2914,165
2915,154
2916,178
2917,171
2918,177
2919,174
2920,172
2921,153
2922,166
2923,151
2924,181
2925,159
2926,180
2927,169
2928,183
2929,159
2930,151
2931,157
2932,185
2933,163
2934,161
2935,177
2936,171
2937,170
2938,179
2939,188
2940,187
2941,151
2942,170
2943,153
2944,185
2945,154
2946,165
2947,150
2948,159
2949,154
2950,164
2951,167
2952,175
2953,187
2954,164
2955,157
2956,154
2957,179
2958,169
2959,161
2960,179
2961,184
2962,163
2963,157
2964,153
2965,172
2966,162
2967,167
2968,187
2969,180
2970,185
2971,169
2972,167
2973,157
2974,157
2975,186
2976,181
2977,166
2978,171
2979,155
2980,184
2981,155
2982,175
2983,168
2984,168
2985,157
2986,158
2987,161
2988,162
2989,174
2990,181
2991,182
2992,154
2993,186
2994,182
2995,184
2996,171
2997,175
2998,160
2999,159
3000,166
3001,167
3002,150
3003,180
3004,156
3005,188
3006,152
3007,187
3008,150
3009,172
3010,159
3011,168
3012,153
3013,153
3014,151
3015,151
3016,173
3017,158
3018,168
3019,163
3020,179
3021,152
3022,154
3023,178
3024,156
3025,182
3026,178
3027,184
3028,180
3029,160
3030,154
3031,169
3032,177
3033,160
3034,158
3035,165
3036,152
3037,161
3038,159
3039,173
3040,169
3041,173
3042,169
3043,172
3044,154
3045,173
3046,178
3047,180
3048,157
3049,151
3050,184
3051,180
3052,183
3053,175
3054,181
3055,186
3056,170
3057,183
3058,180
3059,173
3060,179
3061,176
3062,186
3063,178
3064,171
3065,178
3066,182
3067,171
3068,165
3069,157
3070,182
3071,182
3072,180
3073,162
3074,162
3075,183
3076,184
3077,172
3078,159
3079,181
3080,180
3081,182
3082,163
3083,177
3084,157
3085,165
3086,174
3087,176
3088,185
3089,167
3090,181
3091,188
3092,169
3093,170
3094,167
3095,154
3096,170
3097,173
3098,184
3099,155
3100,169
3101,181
3102,167
3103,160
3104,177
3105,182
3106,157
3107,152
3108,178
3109,163
3110,180
3111,175
3112,178
3113,183
3114,180
3115,157
3116,150
3117,159
3118,173
3119,163
3120,179
3121,160
3122,159
3123,150
3124,180
3125,186
3126,161
3127,178
3128,171
3129,183
3130,184
3131,184
3132,171
3133,177
3134,167
3135,178
3136,188
3137,183
3138,165
3139,187
3140,158
3141,151
3142,187
3143,182
3144,160
3145,164
3146,167
3147,187
3148,180
3149,180
3150,179
3151,159
3152,166
3153,176
3154,179
3155,162
3156,188
3157,162
3158,181
3159,159
3160,181
3161,184
3162,169
3163,152
3164,174
3165,154
3166,170
3167,162
3168,174
3169,151
3170,165
3171,152
3172,159
3173,163
3174,159
3175,154
3176,150
3177,154
3178,186
3179,159
3180,168
3181,159
3182,177
3183,184
3184,160
3185,153
3186,183
3187,183
3188,184
3189,175
3190,154
3191,173
3192,154
3193,171
3194,152
3195,155
3196,176
3197,154
3198,165
3199,184
3200,182
3201,160
3202,159
3203,173
3204,153
3205,164
3206,178
3207,164
3208,178
3209,169
3210,167
3211,184
3212,156
3213,181
3214,162
3215,168
3216,184
3217,176
3218,159
3219,172
3220,165
3221,161
3222,180
3223,184
3224,161
3225,169
3226,188
3227,162
3228,163
3229,157
3230,174
3231,176
3232,153
3233,151
3234,178
3235,187
3236,173
3237,176
3238,160
3239,157
3240,162
3241,187
3242,178
3243,167
3244,166
3245,153
3246,182
3247,152
3248,168
3249,160
3250,164
3251,185
3252,168
3253,167
3254,178
3255,163
3256,163
3257,151
3258,185
3259,173
3260,177
3261,177
3262,173
3263,181
3264,167
3265,184
3266,186
3267,153
3268,183
3269,176
3270,163
3271,167
3272,179
3273,159
3274,158
3275,157
3276,179
3277,159
3278,165
3279,170
3280,177
3281,178
3282,171
3283,171
3284,171
3285,164
3286,163
3287,173
3288,186
3289,160
3290,161
3291,182
3292,184
3293,155
3294,180
3295,165
3296,162
3297,160
3298,182
3299,164
3300,153
3301,166
3302,161
3303,170
3304,160
3305,188
3306,171
3307,165
3308,175
3309,166
3310,187
3311,154
3312,167
3313,168
3314,157
3315,159
3316,181
3317,168
3318,155
3319,156
3320,181
3321,179
3322,178
3323,174
3324,150
3325,164
3326,183
3327,178
3328,178
3329,171
3330,155
3331,167
3332,154
3333,168
3334,164
3335,181
3336,181
3337,161
3338,184
3339,166
3340,151
3341,177
3342,166
3343,176
3344,159
3345,177
3346,174
3347,167
3348,157
3349,168
3350,156
3351,168
3352,168
3353,179
3354,187
3355,171
3356,188
3357,182
3358,168
3359,166
3360,175
3361,186
3362,151
3363,184
3364,184
3365,179
3366,178
3367,179
3368,183
3369,179
3370,185
3371,187
3372,164
3373,171
3374,170
3375,173
3376,150
3377,161
3378,176
3379,178
3380,163
3381,176
3382,159
3383,168
3384,161
3385,159
3386,161
3387,175
3388,182
3389,163
3390,164
3391,151
3392,165
3393,180
3394,182
3395,184
3396,183
3397,166
3398,182
3399,161
3400,173
3401,151
3402,177
3403,172
3404,173
3405,170
3406,181
3407,151
3408,164
3409,157
3410,150
3411,179
3412,166
3413,176
3414,179
3415,168
3416,151
3417,171
3418,161
3419,161
3420,182
3421,159
3422,150
3423,178
3424,166
3425,173
3426,171
3427,153
3428,180
3429,186
3430,161
3431,178
3432,163
3433,153
3434,153
3435,180
3436,168
3437,163
3438,156
3439,157
3440,163
3441,150
3442,153
3443,178
3444,170
3445,176
3446,179
3447,185
3448,187
3449,171
3450,183
3451,168
3452,171
3453,183
3454,154
3455,173
3456,164
3457,152
3458,165
3459,158
3460,183
3461,165
3462,160
3463,158
3464,161
3465,156
3466,183
3467,156
3468,165
3469,154
3470,161
3471,176
3472,165
3473,181
3474,155
3475,178
3476,165
3477,152
3478,175
3479,163
3480,176
3481,174
3482,168
3483,162
3484,169
3485,159
3486,187
3487,160
3488,175
3489,178
